timestamp,Inverter1_System State,Inverter1_Active Output Power [W],Inverter1_Reactive Output Power [kVAr],Inverter1_Apparent Output Power [kVA],Inverter1_Active PCC Power [W],Inverter1_Reactive PCC Power [kVAr],Inverter1_Apparent PCC Power [kVA],Inverter1_Voltage DC1 [V],Inverter1_Current DC1 [A],Inverter1_Power DC1 [W],Inverter1_Voltage DC2 [V],Inverter1_Current DC2 [A],Inverter1_Power DC2 [W],Inverter1_Charge/Discharge Power [kW],Inverter1_Battery SOC [%]
2025-11-14 14:34:12,2.0,0.1,0.0,0.0,-0.09,0.0,0.0,188.0,0.61,0.11,180.9,0.86,0.15,0.0,0.0
2025-11-14 14:34:15,2.0,0.1,0.0,0.0,-0.25,0.0,0.0,182.9,0.07,0.01,183.0,25.16,4.6000000000000005,0.0,0.0
2025-11-14 14:34:17,2.0,4.3100000000000005,0.08,0.0,-4.21,0.0,0.0,199.8,23.900000000000002,4.44,185.8,24.72,4.5600000000000005,0.0,0.0
2025-11-14 14:34:21,2.0,8.44,0.09,0.0,-8.39,0.0,0.0,185.10000000000002,24.05,4.44,185.3,24.37,4.51,0.0,0.0
2025-11-14 14:34:23,2.0,8.63,0.1,0.0,-8.69,0.0,0.0,184.5,24.01,4.42,184.20000000000002,24.47,4.5,0.0,0.0
2025-11-14 14:34:25,2.0,8.69,0.1,0.0,-8.52,0.0,0.0,183.70000000000002,24.48,4.49,183.4,24.86,4.55,0.0,0.0
2025-11-14 14:34:26,2.0,8.44,0.1,0.0,-8.540000000000001,0.0,0.0,186.70000000000002,23.09,4.3,187.0,23.59,4.37,0.0,0.0
2025-11-14 14:34:28,2.0,8.42,0.1,0.0,-8.45,0.0,0.0,182.20000000000002,25.34,4.61,181.9,25.54,4.64,0.0,0.0
2025-11-14 14:34:30,2.0,8.74,0.1,0.0,-8.23,0.0,0.0,188.10000000000002,22.53,4.23,188.4,23.22,4.37,0.0,0.0
2025-11-14 14:34:32,2.0,8.44,0.09,0.0,-8.52,0.0,0.0,181.10000000000002,25.55,4.62,181.0,25.63,4.64,0.0,0.0
2025-11-14 14:34:35,2.0,8.53,0.1,0.0,-8.33,0.0,0.0,188.3,22.52,4.23,188.3,23.29,4.36,0.0,0.0
2025-11-14 14:34:38,2.0,8.43,0.09,0.0,-8.53,0.0,0.0,182.5,25.27,4.61,182.70000000000002,25.39,4.63,0.0,0.0
2025-11-14 14:34:41,2.0,8.49,0.09,0.0,-8.43,0.0,0.0,183.20000000000002,23.06,4.28,186.20000000000002,23.66,4.39,0.0,0.0
2025-11-14 14:34:43,2.0,8.43,0.09,0.0,-8.63,0.0,0.0,184.0,24.67,4.53,184.20000000000002,24.87,4.57,0.0,0.0
2025-11-14 14:34:45,2.0,8.45,0.09,0.0,-8.32,0.0,0.0,184.9,23.79,4.39,184.60000000000002,24.27,4.47,0.0,0.0
2025-11-14 14:34:48,2.0,8.81,0.1,0.0,-8.39,0.0,0.0,186.3,23.31,4.33,186.60000000000002,23.76,4.42,0.0,0.0
2025-11-14 14:34:50,2.0,8.43,0.09,0.0,-8.59,0.0,0.0,187.0,22.88,4.2700000000000005,187.4,23.400000000000002,4.37,0.0,0.0
2025-11-14 14:34:52,2.0,8.44,0.09,0.0,-8.01,0.0,0.0,181.9,25.45,4.63,181.5,25.6,4.64,0.0,0.0
2025-11-14 14:34:55,2.0,8.52,0.1,0.0,-8.23,0.0,0.0,188.3,22.490000000000002,4.23,188.5,23.2,4.37,0.0,0.0
2025-11-14 14:34:57,2.0,8.43,0.09,0.0,-8.58,0.0,0.0,181.60000000000002,25.51,4.63,181.60000000000002,25.57,4.64,0.0,0.0
2025-11-14 14:35:01,2.0,8.540000000000001,0.09,0.0,-8.39,0.0,0.0,188.0,22.54,4.23,188.0,23.240000000000002,4.36,0.0,0.0
2025-11-14 14:35:03,2.0,8.43,0.09,0.0,-8.58,0.0,0.0,182.20000000000002,25.37,4.62,183.0,25.26,4.62,0.0,0.0
2025-11-14 14:35:05,2.0,8.66,0.1,0.0,-8.64,0.0,0.0,186.0,23.22,4.3100000000000005,185.8,23.79,4.41,0.0,0.0
2025-11-14 14:35:09,2.0,8.42,0.09,0.0,-8.65,0.0,0.0,185.10000000000002,24.05,4.44,185.3,24.45,4.49,0.0,0.0
2025-11-14 14:35:12,2.0,8.67,0.1,0.0,-8.14,0.0,0.0,183.70000000000002,24.48,4.49,183.4,24.84,4.55,0.0,0.0
2025-11-14 14:35:14,2.0,8.44,0.09,0.0,-8.47,0.0,0.0,186.9,23.13,4.3100000000000005,187.20000000000002,23.6,4.41,0.0,0.0
2025-11-14 14:35:16,2.0,8.52,0.09,0.0,-8.64,0.0,0.0,189.4,24.990000000000002,4.73,189.5,11.72,2.33,0.0,0.0
2025-11-14 14:35:19,2.0,-0.13,0.0,0.0,-7.92,0.0,0.0,192.0,21.54,4.26,189.20000000000002,25.580000000000002,4.84,0.0,0.0
2025-11-14 14:35:25,2.0,3.7800000000000002,0.04,0.0,-5.5600000000000005,0.0,0.0,195.70000000000002,25.52,4.99,198.70000000000002,24.48,4.8500000000000005,0.0,0.0
2025-11-14 14:35:29,2.0,9.43,0.1,0.0,-9.32,0.0,0.0,199.70000000000002,25.22,5.03,200.60000000000002,25.54,5.12,0.0,0.0
2025-11-14 14:35:31,2.0,9.64,0.1,0.0,-8.14,0.0,0.0,198.20000000000002,25.57,5.0600000000000005,216.5,9.8,2.12,0.0,0.0
2025-11-14 14:35:33,2.0,7.2,0.08,0.0,-6.69,0.0,0.0,203.0,25.26,5.12,217.0,8.9,1.93,0.0,0.0
2025-11-14 14:35:35,2.0,6.7,0.1,0.0,-6.79,0.0,0.0,204.3,25.45,5.28,216.8,19.740000000000002,4.28,0.0,0.0
2025-11-14 14:35:37,2.0,9.14,0.1,0.0,-9.17,0.0,0.0,212.8,24.060000000000002,5.11,216.20000000000002,20.96,4.53,0.0,0.0
2025-11-14 14:35:39,2.0,9.370000000000001,0.1,0.0,-9.41,0.0,0.0,208.9,25.16,5.25,216.0,25.2,5.44,0.0,0.0
2025-11-14 14:35:42,2.0,10.43,0.11,0.0,-10.17,0.0,0.0,215.3,25.5,5.49,214.0,25.62,5.48,0.0,0.0
2025-11-14 14:35:46,2.0,10.46,0.11,0.0,-10.43,0.0,0.0,224.3,22.32,5.0,213.5,25.63,5.47,0.0,0.0
2025-11-14 14:35:49,2.0,10.290000000000001,0.11,0.0,-10.36,0.0,0.0,224.10000000000002,22.86,5.12,213.0,25.63,5.46,0.0,0.0
2025-11-14 14:35:51,2.0,10.31,0.11,0.0,-10.25,0.0,0.0,222.0,25.34,5.62,212.0,25.73,5.45,0.0,0.0
2025-11-14 14:35:55,2.0,10.51,0.11,0.0,-10.47,0.0,0.0,228.9,24.060000000000002,5.63,234.8,24.060000000000002,5.65,0.0,0.0
2025-11-14 14:35:57,2.0,10.85,0.12,0.0,-10.73,0.0,0.0,233.9,24.12,5.64,234.70000000000002,24.12,5.66,0.0,0.0
2025-11-14 14:35:59,2.0,10.870000000000001,0.12,0.0,-10.72,0.0,0.0,233.9,24.11,5.63,240.0,23.57,5.65,0.0,0.0
2025-11-14 14:36:01,2.0,10.870000000000001,0.12,0.0,-10.74,0.0,0.0,239.20000000000002,23.59,5.64,240.10000000000002,23.59,5.66,0.0,0.0
2025-11-14 14:36:04,2.0,10.88,0.12,0.0,-10.74,0.0,0.0,239.20000000000002,23.580000000000002,5.63,245.3,23.06,5.65,0.0,0.0
2025-11-14 14:36:06,2.0,10.870000000000001,0.12,0.0,-10.72,0.0,0.0,244.60000000000002,23.04,5.63,245.4,23.04,5.65,0.0,0.0
2025-11-14 14:36:08,2.0,10.86,0.12,0.0,-10.73,0.0,0.0,244.60000000000002,23.06,5.64,245.4,23.04,5.65,0.0,0.0
2025-11-14 14:36:10,2.0,10.870000000000001,0.12,0.0,-10.73,0.0,0.0,249.8,22.580000000000002,5.64,250.70000000000002,22.580000000000002,5.66,0.0,0.0
2025-11-14 14:36:13,2.0,10.88,0.12,0.0,-10.74,0.0,0.0,249.8,22.59,5.64,250.70000000000002,22.59,5.66,0.0,0.0
2025-11-14 14:36:15,2.0,10.89,0.12,0.0,-10.74,0.0,0.0,255.0,22.12,5.64,255.8,22.12,5.66,0.0,0.0
2025-11-14 14:36:17,2.0,10.88,0.12,0.0,-10.74,0.0,0.0,255.20000000000002,22.09,5.63,256.0,22.09,5.65,0.0,0.0
2025-11-14 14:36:19,2.0,10.88,0.12,0.0,-10.73,0.0,0.0,255.20000000000002,22.080000000000002,5.63,256.0,22.080000000000002,5.65,0.0,0.0
2025-11-14 14:36:21,2.0,10.88,0.12,0.0,-10.74,0.0,0.0,260.5,21.63,5.63,261.3,21.63,5.65,0.0,0.0
2025-11-14 14:36:23,2.0,10.88,0.12,0.0,-10.73,0.0,0.0,260.5,21.61,5.63,261.3,21.64,5.65,0.0,0.0
2025-11-14 14:36:24,2.0,10.88,0.12,0.0,-10.73,0.0,0.0,265.6,21.22,5.63,266.40000000000003,21.22,5.65,0.0,0.0
2025-11-14 14:36:26,2.0,10.88,0.12,0.0,-10.74,0.0,0.0,265.8,21.22,5.64,266.6,21.22,5.65,0.0,0.0
2025-11-14 14:36:28,2.0,10.89,0.12,0.0,-10.75,0.0,0.0,265.8,21.2,5.63,266.6,21.2,5.65,0.0,0.0
2025-11-14 14:36:30,2.0,10.870000000000001,0.12,0.0,-10.73,0.0,0.0,265.8,21.19,5.63,271.90000000000003,20.78,5.65,0.0,0.0
2025-11-14 14:36:32,2.0,10.89,0.12,0.0,-10.74,0.0,0.0,271.1,20.77,5.63,271.90000000000003,20.77,5.65,0.0,0.0
2025-11-14 14:36:33,2.0,10.88,0.12,0.0,-10.75,0.0,0.0,271.1,20.79,5.63,271.90000000000003,20.79,5.65,0.0,0.0
2025-11-14 14:36:35,2.0,10.89,0.12,0.0,-10.75,0.0,0.0,276.2,20.400000000000002,5.62,277.2,20.35,5.64,0.0,0.0
2025-11-14 14:36:37,2.0,10.870000000000001,0.12,0.0,-10.73,0.0,0.0,276.40000000000003,20.34,5.62,277.2,20.34,5.64,0.0,0.0
2025-11-14 14:36:40,2.0,10.870000000000001,0.12,0.0,-10.73,0.0,0.0,281.7,19.98,5.63,282.40000000000003,20.01,5.65,0.0,0.0
2025-11-14 14:36:43,2.0,10.89,0.12,0.0,-10.75,0.0,0.0,281.7,19.990000000000002,5.63,282.40000000000003,19.990000000000002,5.64,0.0,0.0
2025-11-14 14:36:45,2.0,10.89,0.12,0.0,-10.75,0.0,0.0,286.8,19.63,5.63,287.5,19.63,5.64,0.0,0.0
2025-11-14 14:36:47,2.0,10.89,0.12,0.0,-10.75,0.0,0.0,287.0,19.62,5.63,287.7,19.26,5.64,0.0,0.0
2025-11-14 14:36:50,2.0,10.88,0.12,0.0,-10.73,0.0,0.0,292.3,19.26,5.63,293.0,19.26,5.64,0.0,0.0
2025-11-14 14:36:54,2.0,10.89,0.12,0.0,-10.74,0.0,0.0,297.6,18.900000000000002,5.62,298.3,18.900000000000002,5.63,0.0,0.0
2025-11-14 14:36:57,2.0,10.88,0.12,0.0,-10.75,0.0,0.0,297.6,18.900000000000002,5.62,298.3,18.900000000000002,5.64,0.0,0.0
2025-11-14 14:37:00,2.0,10.88,0.12,0.0,-10.75,0.0,0.0,302.6,18.580000000000002,5.62,303.3,18.580000000000002,5.63,0.0,0.0
2025-11-14 14:37:02,2.0,10.88,0.12,0.0,-10.75,0.0,0.0,303.0,18.55,5.62,303.6,18.55,5.63,0.0,0.0
2025-11-14 14:37:04,2.0,10.88,0.12,0.0,-10.74,0.0,0.0,303.0,18.56,5.62,303.6,18.56,5.63,0.0,0.0
2025-11-14 14:37:06,2.0,10.88,0.12,0.0,-10.75,0.0,0.0,308.3,18.23,5.62,308.90000000000003,18.23,5.63,0.0,0.0
2025-11-14 14:37:08,2.0,10.88,0.12,0.0,-10.75,0.0,0.0,308.3,18.23,5.62,308.90000000000003,18.23,5.63,0.0,0.0
2025-11-14 14:37:10,2.0,10.89,0.12,0.0,-10.75,0.0,0.0,313.70000000000005,17.69,5.55,314.40000000000003,17.69,5.5600000000000005,0.0,0.0
2025-11-14 14:37:13,2.0,10.75,0.12,0.0,-10.6,0.0,0.0,313.8,17.68,5.54,314.40000000000003,17.68,5.5600000000000005,0.0,0.0
2025-11-14 14:37:15,2.0,10.74,0.12,0.0,-10.6,0.0,0.0,319.0,17.38,5.54,319.70000000000005,17.38,5.55,0.0,0.0
2025-11-14 14:37:18,2.0,10.75,0.12,0.0,-10.6,0.0,0.0,319.0,17.39,5.54,319.70000000000005,17.39,5.5600000000000005,0.0,0.0
2025-11-14 14:37:22,2.0,10.75,0.12,0.0,-10.6,0.0,0.0,324.3,17.09,5.54,325.0,17.09,5.55,0.0,0.0
2025-11-14 14:37:24,2.0,10.74,0.12,0.0,-10.6,0.0,0.0,324.3,17.080000000000002,5.54,329.70000000000005,16.84,5.55,0.0,0.0
2025-11-14 14:37:26,2.0,10.74,0.12,0.0,-10.61,0.0,0.0,329.6,16.82,5.54,330.3,16.82,5.55,0.0,0.0
2025-11-14 14:37:27,2.0,10.75,0.12,0.0,-10.61,0.0,0.0,329.6,16.82,5.54,330.3,16.82,5.55,0.0,0.0
2025-11-14 14:37:29,2.0,10.75,0.12,0.0,-10.61,0.0,0.0,329.6,16.82,5.54,330.20000000000005,16.82,5.55,0.0,0.0
2025-11-14 14:37:31,2.0,10.75,0.12,0.0,-10.61,0.0,0.0,335.0,16.54,5.54,335.5,16.54,5.55,0.0,0.0
2025-11-14 14:37:32,2.0,10.74,0.12,0.0,-10.6,0.0,0.0,335.0,16.56,5.55,335.5,16.56,5.5600000000000005,0.0,0.0
2025-11-14 14:37:35,2.0,10.76,0.12,0.0,-10.61,0.0,0.0,339.70000000000005,16.29,5.53,340.8,16.26,5.54,0.0,0.0
2025-11-14 14:37:37,2.0,10.74,0.12,0.0,-10.6,0.0,0.0,340.3,16.26,5.53,340.8,16.25,5.53,0.0,0.0
2025-11-14 14:37:40,2.0,10.73,0.12,0.0,-10.6,0.0,0.0,345.6,15.99,5.53,346.1,15.99,5.53,0.0,0.0
2025-11-14 14:37:43,2.0,10.73,0.12,0.0,-10.6,0.0,0.0,345.6,16.01,5.53,346.1,16.01,5.54,0.0,0.0
2025-11-14 14:37:46,2.0,10.74,0.12,0.0,-10.6,0.0,0.0,350.8,15.780000000000001,5.53,351.40000000000003,15.780000000000001,5.54,0.0,0.0
2025-11-14 14:37:48,2.0,10.75,0.12,0.0,-10.6,0.0,0.0,350.8,15.75,5.5200000000000005,351.40000000000003,15.75,5.53,0.0,0.0
2025-11-14 14:37:50,2.0,10.73,0.12,0.0,-10.6,0.0,0.0,350.8,15.77,5.5200000000000005,356.70000000000005,15.51,5.53,0.0,0.0
2025-11-14 14:37:52,2.0,10.73,0.12,0.0,-10.59,0.0,0.0,356.1,15.51,5.5200000000000005,356.70000000000005,15.51,5.53,0.0,0.0
2025-11-14 14:37:54,2.0,10.73,0.12,0.0,-10.58,0.0,0.0,356.20000000000005,15.5,5.5200000000000005,356.70000000000005,15.5,5.5200000000000005,0.0,0.0
2025-11-14 14:37:56,2.0,10.72,0.12,0.0,-10.58,0.0,0.0,361.40000000000003,15.27,5.5200000000000005,362.0,15.27,5.53,0.0,0.0
2025-11-14 14:37:58,2.0,10.71,0.12,0.0,-10.58,0.0,0.0,361.40000000000003,15.26,5.51,362.0,15.26,5.5200000000000005,0.0,0.0
2025-11-14 14:38:00,2.0,10.72,0.12,0.0,-10.58,0.0,0.0,366.8,15.030000000000001,5.51,367.3,15.030000000000001,5.5200000000000005,0.0,0.0
2025-11-14 14:38:04,2.0,10.700000000000001,0.12,0.0,-10.56,0.0,0.0,371.3,14.870000000000001,5.5200000000000005,371.8,14.870000000000001,5.53,0.0,0.0
2025-11-14 14:38:06,2.0,10.73,0.12,0.0,-10.6,0.0,0.0,372.1,14.85,5.5200000000000005,372.6,14.85,5.53,0.0,0.0
2025-11-14 14:38:08,2.0,10.74,0.12,0.0,-10.6,0.0,0.0,372.1,14.85,5.5200000000000005,372.6,14.85,5.53,0.0,0.0
2025-11-14 14:38:10,2.0,10.74,0.12,0.0,-10.59,0.0,0.0,377.40000000000003,14.63,5.5200000000000005,377.90000000000003,14.63,5.5200000000000005,0.0,0.0
2025-11-14 14:38:12,2.0,10.73,0.12,0.0,-10.58,0.0,0.0,377.40000000000003,14.620000000000001,5.5200000000000005,377.90000000000003,14.620000000000001,5.5200000000000005,0.0,0.0
2025-11-14 14:38:15,2.0,10.72,0.12,0.0,-10.59,0.0,0.0,381.8,14.46,5.5200000000000005,383.1,14.42,5.5200000000000005,0.0,0.0
2025-11-14 14:38:18,2.0,10.73,0.12,0.0,-10.59,0.0,0.0,382.6,14.43,5.5200000000000005,383.1,14.43,5.5200000000000005,0.0,0.0
2025-11-14 14:38:20,2.0,10.73,0.12,0.0,-10.59,0.0,0.0,387.1,14.25,5.51,387.5,14.200000000000001,5.51,0.0,0.0
2025-11-14 14:38:22,2.0,10.72,0.12,0.0,-10.58,0.0,0.0,387.90000000000003,14.200000000000001,5.51,388.40000000000003,14.200000000000001,5.51,0.0,0.0
2025-11-14 14:38:24,2.0,10.72,0.12,0.0,-10.58,0.0,0.0,387.90000000000003,14.200000000000001,5.51,388.40000000000003,14.200000000000001,5.51,0.0,0.0
2025-11-14 14:38:26,2.0,10.72,0.12,0.0,-10.59,0.0,0.0,393.20000000000005,14.01,5.51,393.70000000000005,14.01,5.5200000000000005,0.0,0.0
2025-11-14 14:38:29,2.0,10.72,0.12,0.0,-10.58,0.0,0.0,393.20000000000005,13.84,5.5,398.1,13.84,5.51,0.0,0.0
2025-11-14 14:38:31,2.0,10.71,0.12,0.0,-10.57,0.0,0.0,398.5,13.81,5.5,399.0,13.81,5.51,0.0,0.0
2025-11-14 14:38:33,2.0,10.72,0.12,0.0,-10.6,0.0,0.0,398.5,13.86,5.5200000000000005,399.0,13.86,5.53,0.0,0.0
2025-11-14 14:38:35,2.0,10.75,0.12,0.0,-10.620000000000001,0.0,0.0,403.8,13.69,5.53,404.20000000000005,13.69,5.53,0.0,0.0
2025-11-14 14:38:37,2.0,10.76,0.12,0.0,-10.620000000000001,0.0,0.0,403.8,13.69,5.5200000000000005,404.20000000000005,13.69,5.53,0.0,0.0
2025-11-14 14:38:40,2.0,10.76,0.12,0.0,-10.61,0.0,0.0,409.0,13.5,5.5200000000000005,409.5,13.49,5.5200000000000005,0.0,0.0
2025-11-14 14:38:44,2.0,10.74,0.12,0.0,-10.59,0.0,0.0,409.1,13.49,5.5200000000000005,409.5,13.49,5.5200000000000005,0.0,0.0
2025-11-14 14:38:46,2.0,10.74,0.12,0.0,-10.59,0.0,0.0,414.3,13.31,5.51,414.8,13.31,5.5200000000000005,0.0,0.0
2025-11-14 14:38:49,2.0,10.74,0.12,0.0,-10.59,0.0,0.0,414.40000000000003,13.290000000000001,5.51,419.0,13.16,5.51,0.0,0.0
2025-11-14 14:38:52,2.0,10.73,0.12,0.0,-10.59,0.0,0.0,419.6,13.13,5.51,420.1,13.13,5.5200000000000005,0.0,0.0
2025-11-14 14:38:54,2.0,10.74,0.12,0.0,-10.6,0.0,0.0,419.6,12.97,5.51,425.40000000000003,12.97,5.51,0.0,0.0
2025-11-14 14:38:57,2.0,10.74,0.12,0.0,-10.6,0.0,0.0,424.90000000000003,12.97,5.51,425.40000000000003,12.97,5.5200000000000005,0.0,0.0
2025-11-14 14:38:59,2.0,10.75,0.12,0.0,-10.61,0.0,0.0,429.1,12.85,5.51,429.6,12.85,5.5200000000000005,0.0,0.0
2025-11-14 14:39:01,2.0,10.75,0.12,0.0,-10.61,0.0,0.0,430.20000000000005,12.81,5.51,430.70000000000005,12.81,5.5200000000000005,0.0,0.0
2025-11-14 14:39:03,2.0,10.75,0.12,0.0,-10.61,0.0,0.0,430.20000000000005,12.82,5.51,430.70000000000005,12.82,5.5200000000000005,0.0,0.0
2025-11-14 14:39:05,2.0,10.75,0.12,0.0,-10.61,0.0,0.0,434.5,12.69,5.51,434.90000000000003,12.69,5.5200000000000005,0.0,0.0
2025-11-14 14:39:07,2.0,10.75,0.12,0.0,-10.6,0.0,0.0,435.6,12.66,5.51,440.20000000000005,12.530000000000001,5.51,0.0,0.0
2025-11-14 14:39:12,2.0,10.75,0.12,0.0,-10.6,0.0,0.0,440.90000000000003,12.5,5.51,441.3,12.5,5.5200000000000005,0.0,0.0
2025-11-14 14:39:14,2.0,10.75,0.12,0.0,-10.61,0.0,0.0,445.0,12.38,5.51,445.40000000000003,12.38,5.51,0.0,0.0
2025-11-14 14:39:16,2.0,10.75,0.12,0.0,-10.620000000000001,0.0,0.0,446.1,12.35,5.51,446.5,12.35,5.51,0.0,0.0
2025-11-14 14:39:18,2.0,10.75,0.12,0.0,-10.61,0.0,0.0,446.1,12.370000000000001,5.51,446.5,12.370000000000001,5.5200000000000005,0.0,0.0
2025-11-14 14:39:20,2.0,10.75,0.12,0.0,-10.620000000000001,0.0,0.0,450.3,12.25,5.51,450.70000000000005,12.25,5.5200000000000005,0.0,0.0
2025-11-14 14:39:22,2.0,10.76,0.12,0.0,-10.620000000000001,0.0,0.0,451.40000000000003,12.21,5.51,451.8,12.21,5.51,0.0,0.0
2025-11-14 14:39:24,2.0,10.76,0.12,0.0,-10.620000000000001,0.0,0.0,455.5,12.09,5.5,455.90000000000003,12.09,5.51,0.0,0.0
2025-11-14 14:39:26,2.0,10.75,0.12,0.0,-10.620000000000001,0.0,0.0,456.70000000000005,12.06,5.51,457.1,12.06,5.51,0.0,0.0
2025-11-14 14:39:28,2.0,10.75,0.12,0.0,-10.620000000000001,0.0,0.0,456.6,12.06,5.51,457.1,12.06,5.51,0.0,0.0
2025-11-14 14:39:30,2.0,10.76,0.12,0.0,-10.6,0.0,0.0,456.70000000000005,11.93,5.51,462.40000000000003,11.93,5.51,0.0,0.0
2025-11-14 14:39:31,2.0,10.75,0.12,0.0,-10.61,0.0,0.0,462.0,11.92,5.5,462.40000000000003,11.92,5.51,0.0,0.0
2025-11-14 14:39:33,2.0,10.74,0.12,0.0,-10.6,0.0,0.0,462.0,11.92,5.51,462.40000000000003,11.92,5.51,0.0,0.0
2025-11-14 14:39:35,2.0,10.75,0.12,0.0,-10.61,0.0,0.0,466.1,11.82,5.51,466.40000000000003,11.82,5.51,0.0,0.0
2025-11-14 14:39:36,2.0,10.75,0.12,0.0,-10.6,0.0,0.0,467.3,11.78,5.5,467.70000000000005,11.78,5.51,0.0,0.0
2025-11-14 14:39:38,2.0,10.75,0.12,0.0,-10.6,0.0,0.0,467.3,11.77,5.5,467.70000000000005,11.77,5.5,0.0,0.0
2025-11-14 14:39:41,2.0,10.75,0.12,0.0,-10.6,0.0,0.0,472.70000000000005,11.63,5.5,473.0,11.63,5.5,0.0,0.0
2025-11-14 14:39:43,2.0,10.75,0.12,0.0,-10.6,0.0,0.0,472.70000000000005,11.63,5.5,472.90000000000003,11.63,5.5,0.0,0.0
2025-11-14 14:39:45,2.0,10.74,0.12,0.0,-10.6,0.0,0.0,476.70000000000005,11.540000000000001,5.5,477.0,11.540000000000001,5.5,0.0,0.0
2025-11-14 14:39:46,2.0,10.75,0.12,0.0,-10.6,0.0,0.0,478.0,11.51,5.5,478.3,11.51,5.5,0.0,0.0
2025-11-14 14:39:50,2.0,10.75,0.12,0.0,-10.6,0.0,0.0,478.0,11.370000000000001,5.49,483.5,11.370000000000001,5.5,0.0,0.0
2025-11-14 14:39:53,2.0,10.75,0.12,0.0,-10.6,0.0,0.0,483.20000000000005,11.39,5.5,483.5,11.39,5.5,0.0,0.0
2025-11-14 14:39:55,2.0,10.75,0.12,0.0,-10.6,0.0,0.0,487.3,11.3,5.5,487.5,11.3,5.5,0.0,0.0
2025-11-14 14:39:57,2.0,10.75,0.12,0.0,-10.61,0.0,0.0,488.5,11.26,5.5,488.8,11.26,5.5,0.0,0.0
2025-11-14 14:39:59,2.0,10.75,0.12,0.0,-10.61,0.0,0.0,492.5,11.16,5.49,492.70000000000005,11.16,5.5,0.0,0.0
2025-11-14 14:40:01,2.0,10.75,0.12,0.0,-10.6,0.0,0.0,493.8,11.13,5.49,494.1,11.13,5.5,0.0,0.0
2025-11-14 14:40:03,2.0,10.75,0.12,0.0,-10.61,0.0,0.0,493.8,11.14,5.5,494.1,11.14,5.5,0.0,0.0
2025-11-14 14:40:05,2.0,10.76,0.12,0.0,-10.620000000000001,0.0,0.0,499.1,11.02,5.5,499.40000000000003,11.02,5.5,0.0,0.0
2025-11-14 14:40:08,2.0,10.76,0.12,0.0,-10.620000000000001,0.0,0.0,499.1,11.02,5.5,499.40000000000003,11.02,5.5,0.0,0.0
2025-11-14 14:40:09,2.0,10.75,0.12,0.0,-10.61,0.0,0.0,504.40000000000003,10.89,5.49,504.6,10.89,5.49,0.0,0.0
2025-11-14 14:40:13,2.0,10.75,0.12,0.0,-10.61,0.0,0.0,504.40000000000003,10.88,5.49,509.90000000000003,10.77,5.49,0.0,0.0
2025-11-14 14:40:16,2.0,10.75,0.12,0.0,-10.61,0.0,0.0,509.70000000000005,10.77,5.49,509.90000000000003,10.77,5.49,0.0,0.0
2025-11-14 14:40:20,2.0,10.75,0.12,0.0,-10.6,0.0,0.0,513.6,10.700000000000001,5.49,513.7,10.700000000000001,5.49,0.0,0.0
2025-11-14 14:40:22,2.0,10.75,0.12,0.0,-10.620000000000001,0.0,0.0,515.0,10.67,5.5,515.2,10.67,5.5,0.0,0.0
2025-11-14 14:40:24,2.0,10.75,0.12,0.0,-10.61,0.0,0.0,520.3000000000001,10.55,5.49,520.5,10.55,5.49,0.0,0.0
2025-11-14 14:40:27,2.0,10.75,0.12,0.0,-10.6,0.0,0.0,520.3000000000001,10.55,5.49,520.5,10.55,5.49,0.0,0.0
2025-11-14 14:40:29,2.0,10.75,0.12,0.0,-10.6,0.0,0.0,524.1,10.48,5.49,524.2,10.48,5.49,0.0,0.0
2025-11-14 14:40:31,2.0,10.75,0.12,0.0,-10.6,0.0,0.0,525.6,10.450000000000001,5.49,525.8000000000001,10.450000000000001,5.49,0.0,0.0
2025-11-14 14:40:35,2.0,10.75,0.12,0.0,-10.6,0.0,0.0,530.9,10.33,5.48,531.1,10.33,5.48,0.0,0.0
2025-11-14 14:40:37,2.0,10.74,0.12,0.0,-10.6,0.0,0.0,530.9,10.32,5.48,531.1,10.32,5.48,0.0,0.0
2025-11-14 14:40:39,2.0,10.74,0.12,0.0,-10.6,0.0,0.0,530.9,10.33,5.48,531.1,10.33,5.49,0.0,0.0
2025-11-14 14:40:41,2.0,10.74,0.12,0.0,-10.61,0.0,0.0,534.6,10.26,5.49,534.8000000000001,10.23,5.48,0.0,0.0
2025-11-14 14:40:42,2.0,10.74,0.12,0.0,-10.6,0.0,0.0,536.2,10.23,5.48,536.4,10.23,5.49,0.0,0.0
2025-11-14 14:40:44,2.0,10.75,0.12,0.0,-10.620000000000001,0.0,0.0,539.8000000000001,10.17,5.49,540.0,10.17,5.49,0.0,0.0
2025-11-14 14:40:46,2.0,10.75,0.12,0.0,-10.6,0.0,0.0,541.5,10.13,5.48,541.6,10.13,5.48,0.0,0.0
2025-11-14 14:40:48,2.0,10.75,0.12,0.0,-10.620000000000001,0.0,0.0,541.5,10.13,5.48,541.7,10.13,5.48,0.0,0.0
2025-11-14 14:40:51,2.0,10.74,0.12,0.0,-10.6,0.0,0.0,546.8000000000001,10.02,5.48,550.5,9.96,5.48,0.0,0.0
2025-11-14 14:40:56,2.0,10.75,0.12,0.0,-10.6,0.0,0.0,552.0,9.92,5.48,552.2,9.92,5.48,0.0,0.0
2025-11-14 14:40:58,2.0,10.75,0.12,0.0,-10.6,0.0,0.0,552.0,9.93,5.48,552.2,9.93,5.48,0.0,0.0
2025-11-14 14:41:01,2.0,10.75,0.12,0.0,-10.61,0.0,0.0,557.3000000000001,9.84,5.48,557.5,9.84,5.49,0.0,0.0
2025-11-14 14:41:03,2.0,10.75,0.12,0.0,-10.620000000000001,0.0,0.0,557.3000000000001,9.84,5.48,557.5,9.84,5.48,0.0,0.0
2025-11-14 14:41:05,2.0,10.76,0.12,0.0,-10.620000000000001,0.0,0.0,560.9,9.78,5.48,561.0,9.78,5.48,0.0,0.0
2025-11-14 14:41:07,2.0,10.76,0.12,0.0,-10.620000000000001,0.0,0.0,562.6,9.75,5.48,562.8000000000001,9.75,5.49,0.0,0.0
2025-11-14 14:41:09,2.0,10.75,0.12,0.0,-10.620000000000001,0.0,0.0,562.6,9.75,5.49,562.8000000000001,9.75,5.49,0.0,0.0
2025-11-14 14:41:11,2.0,10.75,0.12,0.0,-10.620000000000001,0.0,0.0,567.9,9.65,5.48,568.0,9.65,5.48,0.0,0.0
2025-11-14 14:41:15,2.0,10.75,0.12,0.0,-10.620000000000001,0.0,0.0,573.3000000000001,9.56,5.48,573.3000000000001,9.56,5.48,0.0,0.0
2025-11-14 14:41:18,2.0,10.75,0.12,0.0,-10.620000000000001,0.0,0.0,573.3000000000001,9.55,5.47,573.4,9.55,5.47,0.0,0.0
2025-11-14 14:41:21,2.0,10.74,0.12,0.0,-10.6,0.0,0.0,578.6,9.47,5.48,578.6,9.47,5.48,0.0,0.0
2025-11-14 14:41:23,2.0,10.75,0.12,0.0,-10.6,0.0,0.0,578.6,9.450000000000001,5.47,578.6,9.450000000000001,5.47,0.0,0.0
2025-11-14 14:41:26,2.0,10.73,0.12,0.0,-10.59,0.0,0.0,583.8000000000001,9.36,5.47,583.9,9.36,5.47,0.0,0.0
2025-11-14 14:41:28,2.0,10.73,0.12,0.0,-10.61,0.0,0.0,587.2,9.28,5.47,589.2,9.28,5.47,0.0,0.0
2025-11-14 14:41:34,2.0,10.75,0.12,0.0,-10.6,0.0,0.0,592.5,9.200000000000001,5.47,594.5,9.200000000000001,5.47,0.0,0.0
2025-11-14 14:41:38,2.0,10.74,0.12,0.0,-10.6,0.0,0.0,594.4,9.200000000000001,5.47,594.5,9.200000000000001,5.47,0.0,0.0
2025-11-14 14:41:41,2.0,10.75,0.12,0.0,-10.6,0.0,0.0,599.7,9.120000000000001,5.47,599.8000000000001,9.120000000000001,5.47,0.0,0.0
2025-11-14 14:41:43,2.0,10.75,0.12,0.0,-10.6,0.0,0.0,603.1,9.07,5.47,603.0,9.07,5.47,0.0,0.0
2025-11-14 14:41:47,2.0,10.74,0.12,0.0,-10.6,0.0,0.0,605.0,9.03,5.46,605.1,9.03,5.46,0.0,0.0
2025-11-14 14:41:49,2.0,10.74,0.12,0.0,-10.6,0.0,0.0,608.4,8.99,5.47,608.3000000000001,8.99,5.47,0.0,0.0
2025-11-14 14:41:52,2.0,10.74,0.12,0.0,-10.6,0.0,0.0,610.4,8.96,5.47,610.3000000000001,8.96,5.47,0.0,0.0
2025-11-14 14:41:55,2.0,10.74,0.12,0.0,-10.6,0.0,0.0,615.6,8.870000000000001,5.46,615.6,8.870000000000001,5.46,0.0,0.0
2025-11-14 14:41:57,2.0,10.74,0.12,0.0,-10.59,0.0,0.0,615.6,8.88,5.46,615.6,8.88,5.46,0.0,0.0
2025-11-14 14:41:58,2.0,10.74,0.12,0.0,-10.6,0.0,0.0,615.6,8.88,5.46,615.6,8.88,5.46,0.0,0.0
2025-11-14 14:42:00,2.0,10.74,0.12,0.0,-10.6,0.0,0.0,620.9000000000001,8.8,5.46,620.9000000000001,8.8,5.46,0.0,0.0
2025-11-14 14:42:03,2.0,10.74,0.12,0.0,-10.59,0.0,0.0,621.0,8.790000000000001,5.46,620.9000000000001,8.790000000000001,5.46,0.0,0.0
2025-11-14 14:42:06,2.0,10.73,0.12,0.0,-10.59,0.0,0.0,626.2,8.72,5.46,626.2,8.72,5.46,0.0,0.0
2025-11-14 14:42:07,2.0,10.73,0.12,0.0,-10.59,0.0,0.0,626.2,8.72,5.46,626.2,8.72,5.46,0.0,0.0
2025-11-14 14:42:09,2.0,10.73,0.12,0.0,-10.59,0.0,0.0,626.3000000000001,8.71,5.45,626.2,8.71,5.45,0.0,0.0
2025-11-14 14:42:11,2.0,10.72,0.12,0.0,-10.59,0.0,0.0,629.5,8.67,5.45,631.5,8.64,5.45,0.0,0.0
2025-11-14 14:42:12,2.0,10.72,0.12,0.0,-10.58,0.0,0.0,631.6,8.63,5.45,631.5,8.63,5.45,0.0,0.0
2025-11-14 14:42:14,2.0,10.72,0.12,0.0,-10.58,0.0,0.0,634.8000000000001,8.58,5.45,634.6,8.58,5.45,0.0,0.0
2025-11-14 14:42:16,2.0,10.72,0.12,0.0,-10.58,0.0,0.0,636.9000000000001,8.55,5.45,636.8000000000001,8.55,5.45,0.0,0.0
2025-11-14 14:42:18,2.0,10.72,0.12,0.0,-10.58,0.0,0.0,636.9000000000001,8.56,5.45,636.8000000000001,8.56,5.45,0.0,0.0
2025-11-14 14:42:19,2.0,10.72,0.12,0.0,-10.58,0.0,0.0,636.9000000000001,8.56,5.45,636.8000000000001,8.56,5.45,0.0,0.0
2025-11-14 14:42:21,2.0,10.72,0.12,0.0,-10.59,0.0,0.0,642.2,8.49,5.45,642.1,8.49,5.45,0.0,0.0
2025-11-14 14:42:23,2.0,10.73,0.12,0.0,-10.59,0.0,0.0,642.2,8.48,5.45,645.1,8.45,5.45,0.0,0.0
2025-11-14 14:42:25,2.0,10.72,0.12,0.0,-10.58,0.0,0.0,647.4000000000001,8.42,5.45,647.3000000000001,8.42,5.45,0.0,0.0
2025-11-14 14:42:27,2.0,10.72,0.12,0.0,-10.59,0.0,0.0,647.4000000000001,8.43,5.45,647.3000000000001,8.42,5.45,0.0,0.0
2025-11-14 14:42:31,2.0,10.73,0.12,0.0,-10.59,0.0,0.0,652.7,8.36,5.46,652.6,8.36,5.46,0.0,0.0
2025-11-14 14:42:35,2.0,10.73,0.12,0.0,-10.59,0.0,0.0,655.8000000000001,8.32,5.46,657.9000000000001,8.3,5.46,0.0,0.0
2025-11-14 14:42:37,2.0,10.74,0.12,0.0,-10.6,0.0,0.0,658.0,8.290000000000001,5.46,657.9000000000001,8.290000000000001,5.45,0.0,0.0
2025-11-14 14:42:41,2.0,10.74,0.12,0.0,-10.6,0.0,0.0,663.3000000000001,8.22,5.45,663.2,8.22,5.46,0.0,0.0
2025-11-14 14:42:43,2.0,10.73,0.12,0.0,-10.6,0.0,0.0,663.3000000000001,8.22,5.45,663.2,8.22,5.45,0.0,0.0
2025-11-14 14:42:45,2.0,10.73,0.12,0.0,-10.59,0.0,0.0,666.3000000000001,8.18,5.45,666.2,8.16,5.45,0.0,0.0
2025-11-14 14:42:47,2.0,10.72,0.12,0.0,-10.58,0.0,0.0,668.6,8.14,5.44,668.5,8.14,5.44,0.0,0.0
2025-11-14 14:42:49,2.0,10.72,0.12,0.0,-10.57,0.0,0.0,673.9000000000001,8.08,5.44,673.8000000000001,8.08,5.44,0.0,0.0
2025-11-14 14:42:52,2.0,10.71,0.12,0.0,-10.57,0.0,0.0,673.9000000000001,8.08,5.45,673.8000000000001,8.08,5.44,0.0,0.0
2025-11-14 14:42:54,2.0,10.72,0.12,0.0,-10.58,0.0,0.0,676.9000000000001,8.05,5.45,676.7,8.05,5.45,0.0,0.0
2025-11-14 14:42:56,2.0,10.71,0.12,0.0,-10.57,0.0,0.0,679.3000000000001,8.03,5.45,679.0,8.03,5.45,0.0,0.0
2025-11-14 14:42:59,2.0,10.72,0.12,0.0,-10.57,0.0,0.0,679.3000000000001,8.03,5.45,679.0,8.03,5.45,0.0,0.0
2025-11-14 14:43:01,2.0,10.71,0.12,0.0,-10.57,0.0,0.0,684.5,7.96,5.45,684.3000000000001,7.97,5.45,0.0,0.0
2025-11-14 14:43:03,2.0,10.71,0.12,0.0,-10.57,0.0,0.0,690.0,7.84,5.41,689.8000000000001,7.87,5.43,0.0,0.0
2025-11-14 14:43:09,2.0,10.71,0.12,0.0,-10.57,0.0,0.0,690.0,7.83,5.43,692.7,7.84,5.43,0.0,0.0
2025-11-14 14:43:11,2.0,10.72,0.12,0.0,-10.57,0.0,0.0,695.3000000000001,7.79,5.41,695.1,7.82,5.43,0.0,0.0
2025-11-14 14:43:13,2.0,10.71,0.12,0.0,-10.57,0.0,0.0,695.3000000000001,7.79,5.41,700.3000000000001,7.76,5.44,0.0,0.0
2025-11-14 14:43:18,2.0,10.72,0.12,0.0,-10.58,0.0,0.0,703.5,7.7,5.42,703.2,7.73,5.43,0.0,0.0
2025-11-14 14:43:22,2.0,10.72,0.12,0.0,-10.58,0.0,0.0,705.9000000000001,7.65,5.4,705.6,7.71,5.44,0.0,0.0
2025-11-14 14:43:24,2.0,10.71,0.12,0.0,-10.58,0.0,0.0,705.9000000000001,7.66,5.4,705.6,7.71,5.44,0.0,0.0
2025-11-14 14:43:26,2.0,10.71,0.12,0.0,-10.58,0.0,0.0,711.2,7.62,5.42,710.9000000000001,7.640000000000001,5.43,0.0,0.0
2025-11-14 14:43:28,2.0,10.71,0.12,0.0,-10.57,0.0,0.0,711.2,7.62,5.42,710.9000000000001,7.640000000000001,5.43,0.0,0.0
2025-11-14 14:43:30,2.0,10.71,0.12,0.0,-10.57,0.0,0.0,714.0,7.59,5.42,713.7,7.61,5.43,0.0,0.0
2025-11-14 14:43:32,2.0,10.700000000000001,0.12,0.0,-10.58,0.0,0.0,716.4000000000001,7.55,5.41,716.1,7.59,5.44,0.0,0.0
2025-11-14 14:43:34,2.0,10.71,0.12,0.0,-10.58,0.0,0.0,716.4000000000001,7.5600000000000005,5.41,716.1,7.58,5.43,0.0,0.0
2025-11-14 14:43:35,2.0,10.71,0.12,0.0,-10.59,0.0,0.0,721.7,7.5,5.41,721.4000000000001,7.53,5.42,0.0,0.0
2025-11-14 14:43:38,2.0,10.700000000000001,0.12,0.0,-10.57,0.0,0.0,721.7,7.5,5.41,721.4000000000001,7.5200000000000005,5.42,0.0,0.0
2025-11-14 14:43:40,2.0,10.700000000000001,0.12,0.0,-10.57,0.0,0.0,724.6,7.48,5.42,724.3000000000001,7.48,5.42,0.0,0.0
2025-11-14 14:43:42,2.0,10.69,0.12,0.0,-10.57,0.0,0.0,727.0,7.44,5.41,726.7,7.46,5.42,0.0,0.0
2025-11-14 14:43:44,2.0,10.69,0.12,0.0,-10.57,0.0,0.0,729.8000000000001,7.42,5.42,729.5,7.43,5.43,0.0,0.0
2025-11-14 14:43:47,2.0,10.69,0.12,0.0,-10.56,0.0,0.0,732.3000000000001,7.4,5.42,732.0,7.44,5.44,0.0,0.0
2025-11-14 14:43:50,2.0,10.700000000000001,0.12,0.0,-10.57,0.0,0.0,735.1,7.37,5.42,734.8000000000001,7.41,5.44,0.0,0.0
2025-11-14 14:43:52,2.0,10.69,0.12,0.0,-10.58,0.0,0.0,737.6,7.36,5.43,737.3000000000001,7.38,5.44,0.0,0.0
2025-11-14 14:43:55,2.0,10.69,0.12,0.0,-10.58,0.0,0.0,740.4000000000001,7.33,5.43,740.0,7.37,5.45,0.0,0.0
2025-11-14 14:43:57,2.0,10.71,0.12,0.0,-10.59,0.0,0.0,742.9000000000001,7.3,5.43,742.5,7.34,5.45,0.0,0.0
2025-11-14 14:43:59,2.0,10.700000000000001,0.12,0.0,-10.58,0.0,0.0,742.9000000000001,7.28,5.41,742.5,7.33,5.44,0.0,0.0
2025-11-14 14:44:00,2.0,10.700000000000001,0.12,0.0,-10.58,0.0,0.0,748.1,7.25,5.42,747.8000000000001,7.28,5.44,0.0,0.0
2025-11-14 14:44:04,2.0,10.700000000000001,0.12,0.0,-10.59,0.0,0.0,748.1,7.25,5.43,750.5,7.25,5.44,0.0,0.0
2025-11-14 14:44:06,2.0,10.71,0.12,0.0,-10.59,0.0,0.0,753.4000000000001,7.2,5.43,753.1,7.22,5.44,0.0,0.0
2025-11-14 14:44:08,2.0,10.700000000000001,0.12,0.0,-10.58,0.0,0.0,753.4000000000001,7.2,5.43,753.1,7.23,5.44,0.0,0.0
2025-11-14 14:44:10,2.0,10.700000000000001,0.12,0.0,-10.56,0.0,0.0,758.8000000000001,7.140000000000001,5.42,758.4000000000001,7.16,5.43,0.0,0.0
2025-11-14 14:44:13,2.0,10.67,0.12,0.0,-10.58,0.0,0.0,758.8000000000001,7.140000000000001,5.42,758.4000000000001,7.18,5.44,0.0,0.0
2025-11-14 14:44:15,2.0,10.700000000000001,0.12,0.0,-10.59,0.0,0.0,761.4000000000001,7.13,5.43,761.0,7.15,5.44,0.0,0.0
2025-11-14 14:44:17,2.0,10.700000000000001,0.12,0.0,-10.59,0.0,0.0,764.0,7.09,5.42,763.6,7.12,5.44,0.0,0.0
2025-11-14 14:44:19,2.0,10.700000000000001,0.12,0.0,-10.59,0.0,0.0,764.0,7.04,5.42,768.9000000000001,7.09,5.45,0.0,0.0
2025-11-14 14:44:23,2.0,10.700000000000001,0.12,0.0,-10.58,0.0,0.0,769.3000000000001,7.04,5.42,768.9000000000001,7.07,5.44,0.0,0.0
2025-11-14 14:44:25,2.0,10.69,0.12,0.0,-10.58,0.0,0.0,771.8000000000001,7.04,5.43,771.5,7.0600000000000005,5.44,0.0,0.0
2025-11-14 14:44:27,2.0,10.69,0.12,0.0,-10.58,0.0,0.0,774.6,6.99,5.41,774.2,7.04,5.45,0.0,0.0
2025-11-14 14:44:29,2.0,10.69,0.12,0.0,-10.57,0.0,0.0,777.1,6.98,5.42,776.8000000000001,7.0,5.44,0.0,0.0
2025-11-14 14:44:31,2.0,10.68,0.12,0.0,-10.58,0.0,0.0,779.8000000000001,6.96,5.42,779.5,7.0,5.46,0.0,0.0
2025-11-14 14:44:33,2.0,10.69,0.12,0.0,-10.58,0.0,0.0,779.8000000000001,6.95,5.42,779.5,6.99,5.43,0.0,0.0
2025-11-14 14:44:35,2.0,10.68,0.12,0.0,-10.57,0.0,0.0,782.3000000000001,6.93,5.42,782.0,6.95,5.44,0.0,0.0
2025-11-14 14:44:37,2.0,10.68,0.12,0.0,-10.57,0.0,0.0,790.4000000000001,6.86,5.42,790.0,6.890000000000001,5.44,0.0,0.0
2025-11-14 14:44:42,2.0,10.68,0.12,0.0,-10.58,0.0,0.0,790.4000000000001,6.86,5.42,790.1,6.88,5.44,0.0,0.0
2025-11-14 14:44:44,2.0,10.67,0.12,0.0,-10.56,0.0,0.0,792.9000000000001,6.86,5.44,792.5,6.8500000000000005,5.43,0.0,0.0
2025-11-14 14:44:47,2.0,10.68,0.12,0.0,-10.63,0.0,0.0,795.6,6.890000000000001,5.48,795.2,6.92,5.5,0.0,0.0
2025-11-14 14:44:51,2.0,10.81,0.12,0.0,-10.700000000000001,0.0,0.0,800.8000000000001,6.8500000000000005,5.48,800.5,6.87,5.5,0.0,0.0
2025-11-14 14:44:54,2.0,10.81,0.12,0.0,-10.700000000000001,0.0,0.0,800.8000000000001,6.8500000000000005,5.49,805.8000000000001,6.83,5.5,0.0,0.0
2025-11-14 14:44:56,2.0,10.81,0.12,0.0,-10.71,0.0,0.0,806.1,6.82,5.49,805.8000000000001,6.83,5.51,0.0,0.0
2025-11-14 14:44:59,2.0,10.81,0.12,0.0,-10.71,0.0,0.0,806.1,6.8100000000000005,5.49,805.8000000000001,6.83,5.51,0.0,0.0
2025-11-14 14:45:01,2.0,10.81,0.12,0.0,-10.700000000000001,0.0,0.0,811.4000000000001,6.78,5.5,811.0,6.79,5.51,0.0,0.0
2025-11-14 14:45:03,2.0,10.81,0.12,0.0,-10.700000000000001,0.0,0.0,811.4000000000001,6.78,5.5,811.0,6.8,5.51,0.0,0.0
2025-11-14 14:45:05,2.0,10.8,0.12,0.0,-10.700000000000001,0.0,0.0,816.6,6.74,5.5,816.3000000000001,6.76,5.5200000000000005,0.0,0.0
2025-11-14 14:45:08,2.0,10.81,0.12,0.0,-10.71,0.0,0.0,816.6,6.72,5.5,818.6,6.73,5.51,0.0,0.0
2025-11-14 14:45:11,2.0,10.8,0.12,0.0,-10.700000000000001,0.0,0.0,821.9000000000001,6.68,5.49,821.6,6.7,5.5,0.0,0.0
2025-11-14 14:45:14,2.0,10.8,0.12,0.0,-10.700000000000001,0.0,0.0,824.2,6.67,5.49,823.9000000000001,6.69,5.51,0.0,0.0
2025-11-14 14:45:16,2.0,10.81,0.12,0.0,-10.71,0.0,0.0,827.3000000000001,6.65,5.5,826.9000000000001,6.66,5.51,0.0,0.0
2025-11-14 14:45:18,2.0,10.8,0.12,0.0,-10.700000000000001,0.0,0.0,827.3000000000001,6.63,5.48,826.9000000000001,6.67,5.5200000000000005,0.0,0.0
2025-11-14 14:45:20,2.0,10.81,0.12,0.0,-10.71,0.0,0.0,829.5,6.63,5.5,829.2,6.65,5.51,0.0,0.0
2025-11-14 14:45:22,2.0,10.81,0.12,0.0,-10.72,0.0,0.0,832.5,6.61,5.5,832.1,6.63,5.5200000000000005,0.0,0.0
2025-11-14 14:45:24,2.0,10.82,0.12,0.0,-10.73,0.0,0.0,834.8000000000001,6.59,5.5,834.4000000000001,6.62,5.5200000000000005,0.0,0.0
2025-11-14 14:45:26,2.0,10.81,0.12,0.0,-10.72,0.0,0.0,837.8000000000001,6.5600000000000005,5.5,837.4000000000001,6.59,5.5200000000000005,0.0,0.0
2025-11-14 14:45:29,2.0,10.81,0.12,0.0,-10.71,0.0,0.0,837.8000000000001,6.57,5.5,837.4000000000001,6.6000000000000005,5.5200000000000005,0.0,0.0
2025-11-14 14:45:31,2.0,10.81,0.12,0.0,-10.72,0.0,0.0,843.1,6.51,5.49,842.7,6.55,5.5200000000000005,0.0,0.0
2025-11-14 14:45:33,2.0,10.81,0.12,0.0,-10.72,0.0,0.0,843.1,6.53,5.5,842.7,6.54,5.51,0.0,0.0
2025-11-14 14:45:35,2.0,10.81,0.12,0.0,-10.73,0.0,0.0,845.2,6.5200000000000005,5.51,844.9000000000001,6.51,5.5,0.0,0.0
2025-11-14 14:45:36,2.0,10.81,0.12,0.0,-10.71,0.0,0.0,848.3000000000001,6.48,5.5,847.9000000000001,6.5,5.51,0.0,0.0
2025-11-14 14:45:38,2.0,10.81,0.12,0.0,-10.72,0.0,0.0,848.3000000000001,6.47,5.49,848.0,6.5,5.51,0.0,0.0
2025-11-14 14:45:40,2.0,10.8,0.12,0.0,-10.71,0.0,0.0,853.6,6.42,5.48,853.2,6.47,5.5200000000000005,0.0,0.0
2025-11-14 14:45:42,2.0,10.8,0.12,0.0,-10.72,0.0,0.0,853.6,6.43,5.48,853.2,6.46,5.5200000000000005,0.0,0.0
2025-11-14 14:45:44,2.0,10.8,0.12,0.0,-10.71,0.0,0.0,853.6,6.42,5.48,853.2,6.46,5.51,0.0,0.0
2025-11-14 14:45:45,2.0,10.8,0.12,0.0,-10.72,0.0,0.0,855.7,6.43,5.5,855.3000000000001,6.45,5.5200000000000005,0.0,0.0
2025-11-14 14:45:48,2.0,10.81,0.12,0.0,-10.73,0.0,0.0,858.9000000000001,6.390000000000001,5.49,858.5,6.42,5.51,0.0,0.0
2025-11-14 14:45:50,2.0,10.82,0.12,0.0,-10.72,0.0,0.0,858.9000000000001,6.41,5.51,858.5,6.38,5.51,0.0,0.0
2025-11-14 14:45:52,2.0,10.82,0.12,0.0,-10.73,0.0,0.0,864.2,6.37,5.5,863.7,6.38,5.51,0.0,0.0
2025-11-14 14:45:53,2.0,10.82,0.12,0.0,-10.73,0.0,0.0,866.3000000000001,6.36,5.51,865.8000000000001,6.3500000000000005,5.5,0.0,0.0
2025-11-14 14:45:57,2.0,10.81,0.12,0.0,-10.73,0.0,0.0,869.5,6.32,5.49,869.0,6.34,5.51,0.0,0.0
2025-11-14 14:45:59,2.0,10.81,0.12,0.0,-10.72,0.0,0.0,869.5,6.32,5.5,869.0,6.34,5.51,0.0,0.0
2025-11-14 14:46:01,2.0,10.81,0.12,0.0,-10.72,0.0,0.0,874.8000000000001,6.29,5.5,874.3000000000001,6.3,5.51,0.0,0.0
2025-11-14 14:46:03,2.0,10.81,0.12,0.0,-10.72,0.0,0.0,874.8000000000001,6.29,5.5,874.3000000000001,6.32,5.5200000000000005,0.0,0.0
2025-11-14 14:46:05,2.0,10.81,0.12,0.0,-10.73,0.0,0.0,876.7,6.25,5.5,879.6,6.28,5.51,0.0,0.0
2025-11-14 14:46:09,2.0,10.81,0.12,0.0,-10.72,0.0,0.0,885.3000000000001,6.19,5.48,884.9000000000001,6.22,5.5,0.0,0.0
2025-11-14 14:46:12,2.0,10.790000000000001,0.12,0.0,-10.72,0.0,0.0,887.3000000000001,6.2,5.5,890.2,6.2,5.5200000000000005,0.0,0.0
2025-11-14 14:46:18,2.0,10.81,0.12,0.0,-10.73,0.0,0.0,892.5,6.18,5.51,892.1,6.19,5.5200000000000005,0.0,0.0
2025-11-14 14:46:22,2.0,10.81,0.12,0.0,-10.72,0.0,0.0,895.9000000000001,6.13,5.49,895.5,6.16,5.5200000000000005,0.0,0.0
2025-11-14 14:46:24,2.0,10.8,0.12,0.0,-10.72,0.0,0.0,895.9000000000001,6.13,5.5,897.3000000000001,6.15,5.5200000000000005,0.0,0.0
2025-11-14 14:46:27,2.0,10.8,0.12,0.0,-10.74,0.0,0.0,901.2,6.09,5.5,902.6,6.11,5.51,0.0,0.0
2025-11-14 14:46:31,2.0,10.8,0.12,0.0,-10.72,0.0,0.0,906.5,6.0600000000000005,5.5,906.0,6.09,5.5200000000000005,0.0,0.0
2025-11-14 14:46:33,2.0,10.790000000000001,0.12,0.0,-10.72,0.0,0.0,906.4000000000001,6.0600000000000005,5.5,906.0,6.09,5.5200000000000005,0.0,0.0
2025-11-14 14:46:35,2.0,10.8,0.12,0.0,-10.72,0.0,0.0,911.7,6.03,5.49,911.3000000000001,6.05,5.5200000000000005,0.0,0.0
2025-11-14 14:46:37,2.0,10.8,0.12,0.0,-10.73,0.0,0.0,911.7,6.0200000000000005,5.49,911.3000000000001,6.0600000000000005,5.5200000000000005,0.0,0.0
2025-11-14 14:46:39,2.0,10.8,0.12,0.0,-10.73,0.0,0.0,913.5,6.03,5.5,916.6,6.01,5.51,0.0,0.0
2025-11-14 14:46:43,2.0,10.78,0.12,0.0,-10.72,0.0,0.0,917.0,5.99,5.5,916.5,6.0200000000000005,5.5200000000000005,0.0,0.0
2025-11-14 14:46:45,2.0,10.8,0.12,0.0,-10.73,0.0,0.0,922.3000000000001,5.96,5.49,921.8000000000001,5.99,5.5200000000000005,0.0,0.0
2025-11-14 14:46:47,2.0,10.790000000000001,0.12,0.0,-10.72,0.0,0.0,924.0,5.95,5.5,923.6,5.96,5.5,0.0,0.0
2025-11-14 14:46:51,2.0,10.78,0.12,0.0,-10.71,0.0,0.0,927.6,5.93,5.5,927.1,5.95,5.51,0.0,0.0
2025-11-14 14:46:53,2.0,10.790000000000001,0.12,0.0,-10.71,0.0,0.0,927.6,5.91,5.49,927.1,5.94,5.51,0.0,0.0
2025-11-14 14:46:56,2.0,10.790000000000001,0.12,0.0,-10.73,0.0,0.0,932.8000000000001,5.9,5.51,932.3000000000001,5.91,5.51,0.0,0.0
2025-11-14 14:46:58,2.0,10.8,0.12,0.0,-10.73,0.0,0.0,932.8000000000001,5.9,5.5,932.3000000000001,5.92,5.5200000000000005,0.0,0.0
2025-11-14 14:47:00,2.0,10.8,0.12,0.0,-10.68,0.0,0.0,938.1,5.83,5.47,937.7,5.8500000000000005,5.49,0.0,0.0
2025-11-14 14:47:03,2.0,10.74,0.12,0.0,-10.68,0.0,0.0,938.1,5.8500000000000005,5.49,939.4000000000001,5.8,5.45,0.0,0.0
2025-11-14 14:47:06,2.0,10.72,0.12,0.0,-10.48,0.0,0.0,943.7,5.64,5.33,943.3000000000001,5.65,5.33,0.0,0.0
2025-11-14 14:47:08,2.0,10.43,0.11,0.0,-10.38,0.0,0.0,943.7,5.65,5.33,943.3000000000001,5.65,5.33,0.0,0.0
2025-11-14 14:47:10,2.0,10.43,0.11,0.0,-10.31,0.0,0.0,945.4000000000001,5.6000000000000005,5.29,945.0,5.58,5.2700000000000005,0.0,0.0
2025-11-14 14:47:12,2.0,10.24,0.11,0.0,-10.07,0.0,0.0,949.3000000000001,5.44,5.16,948.8000000000001,5.45,5.17,0.0,0.0
2025-11-14 14:47:14,2.0,10.120000000000001,0.11,0.0,-10.07,0.0,0.0,949.9000000000001,5.43,5.16,949.5,5.42,5.14,0.0,0.0
2025-11-14 14:47:16,2.0,10.09,0.11,0.0,-9.97,0.0,0.0,951.5,5.36,5.1000000000000005,951.1,5.37,5.1000000000000005,0.0,0.0
2025-11-14 14:47:18,2.0,10.0,0.11,0.0,-9.94,0.0,0.0,951.5,5.37,5.11,951.1,5.39,5.12,0.0,0.0
2025-11-14 14:47:23,2.0,10.0,0.11,0.0,-9.950000000000001,0.0,0.0,951.5,5.37,5.11,951.1,5.38,5.12,0.0,0.0
2025-11-14 14:47:26,2.0,10.0,0.11,0.0,-9.96,0.0,0.0,951.5,5.37,5.11,951.1,5.39,5.13,0.0,0.0
2025-11-14 14:47:28,2.0,10.0,0.11,0.0,-9.96,0.0,0.0,951.5,5.37,5.11,951.1,5.39,5.12,0.0,0.0
2025-11-14 14:47:30,2.0,10.0,0.11,0.0,-9.94,0.0,0.0,951.5,5.36,5.1000000000000005,951.1,5.39,5.13,0.0,0.0
2025-11-14 14:47:32,2.0,10.0,0.11,0.0,-9.950000000000001,0.0,0.0,951.5,5.37,5.11,951.1,5.38,5.11,0.0,0.0
2025-11-14 14:47:34,2.0,10.0,0.11,0.0,-9.950000000000001,0.0,0.0,951.5,5.37,5.11,951.1,5.38,5.11,0.0,0.0
2025-11-14 14:47:36,2.0,10.0,0.11,0.0,-9.950000000000001,0.0,0.0,951.5,5.38,5.12,951.1,5.38,5.12,0.0,0.0
2025-11-14 14:47:38,2.0,10.0,0.11,0.0,-9.94,0.0,0.0,951.5,5.38,5.12,951.1,5.37,5.11,0.0,0.0
2025-11-14 14:47:40,2.0,10.0,0.11,0.0,-9.94,0.0,0.0,951.5,5.37,5.11,951.1,5.37,5.11,0.0,0.0
2025-11-14 14:47:43,2.0,9.99,0.11,0.0,-9.94,0.0,0.0,951.5,5.37,5.11,951.1,5.38,5.11,0.0,0.0
2025-11-14 14:47:48,2.0,10.0,0.11,0.0,-9.94,0.0,0.0,951.5,5.38,5.12,951.1,5.37,5.1000000000000005,0.0,0.0
2025-11-14 14:47:51,2.0,9.99,0.11,0.0,-9.94,0.0,0.0,951.5,5.37,5.11,951.1,5.37,5.11,0.0,0.0
2025-11-14 14:47:55,2.0,10.0,0.11,0.0,-9.94,0.0,0.0,951.5,5.37,5.11,951.1,5.38,5.12,0.0,0.0
2025-11-14 14:47:57,2.0,9.99,0.11,0.0,-9.94,0.0,0.0,951.5,5.37,5.11,951.1,5.38,5.12,0.0,0.0
2025-11-14 14:47:59,2.0,9.99,0.11,0.0,-9.93,0.0,0.0,951.5,5.36,5.1000000000000005,951.1,5.38,5.12,0.0,0.0
2025-11-14 14:48:01,2.0,9.99,0.11,0.0,-9.94,0.0,0.0,951.5,5.36,5.1000000000000005,951.1,5.38,5.11,0.0,0.0
2025-11-14 14:48:03,2.0,9.99,0.11,0.0,-9.94,0.0,0.0,951.5,5.36,5.1000000000000005,951.1,5.39,5.12,0.0,0.0
2025-11-14 14:48:06,2.0,9.99,0.11,0.0,-5.86,0.0,0.0,201.70000000000002,0.01,0.0,200.3,0.0,0.0,0.0,0.0
2025-11-14 14:48:09,2.0,-0.12,0.0,0.0,0.02,0.0,0.0,190.70000000000002,0.48,0.09,191.20000000000002,0.72,0.13,0.0,0.0
2025-11-14 14:48:11,2.0,0.09,0.0,0.0,-0.12,0.0,0.0,181.0,0.92,0.16,181.0,0.8200000000000001,0.14,0.0,0.0
2025-11-14 14:48:13,2.0,0.07,0.0,0.0,-0.11,0.0,0.0,188.70000000000002,0.56,0.1,188.70000000000002,0.49,0.09,0.0,0.0
2025-11-14 14:48:15,2.0,0.09,0.0,0.0,-0.09,0.0,0.0,180.9,0.92,0.1,188.60000000000002,0.49,0.09,0.0,0.0
2025-11-14 14:48:20,2.0,0.07,0.0,0.0,-0.14,0.0,0.0,181.60000000000002,0.9,0.16,182.60000000000002,0.75,0.13,0.0,0.0
2025-11-14 14:48:23,2.0,0.11,0.0,0.0,-0.09,0.0,0.0,187.10000000000002,0.65,0.12,187.0,0.5700000000000001,0.1,0.0,0.0
2025-11-14 14:48:25,2.0,0.08,0.0,0.0,-0.12,0.0,0.0,186.0,0.74,0.13,184.5,0.67,0.12,0.0,0.0
2025-11-14 14:48:28,2.0,0.12,0.0,0.0,-0.08,0.0,0.0,184.10000000000002,0.78,0.14,184.10000000000002,0.7000000000000001,0.12,0.0,0.0
2025-11-14 14:48:30,2.0,0.08,0.0,0.0,-0.12,0.0,0.0,186.4,0.67,0.12,186.4,0.54,0.1,0.0,0.0
2025-11-14 14:48:35,2.0,0.12,0.0,0.0,-0.08,0.0,0.0,181.3,0.91,0.16,181.3,0.79,0.14,0.0,0.0
2025-11-14 14:48:37,2.0,0.08,0.0,0.0,-0.12,0.0,0.0,188.70000000000002,0.56,0.1,188.60000000000002,0.48,0.09,0.0,0.0
2025-11-14 14:48:39,2.0,0.08,0.0,0.0,-0.1,0.0,0.0,180.9,0.92,0.1,188.60000000000002,0.48,0.08,0.0,0.0
2025-11-14 14:48:42,2.0,0.08,0.0,0.0,-0.11,0.0,0.0,188.60000000000002,0.5700000000000001,0.1,188.60000000000002,0.49,0.09,0.0,0.0
2025-11-14 14:48:44,2.0,0.07,0.0,0.0,-0.15,0.0,0.0,181.3,0.91,0.16,181.3,0.79,0.14,0.0,0.0
2025-11-14 14:48:45,2.0,0.08,0.0,0.0,-0.12,0.0,0.0,182.0,0.86,0.11,187.5,0.54,0.1,0.0,0.0
2025-11-14 14:48:47,2.0,0.09,0.0,0.0,-0.12,0.0,0.0,186.5,0.66,0.12,186.5,0.58,0.1,0.0,0.0
2025-11-14 14:48:49,2.0,0.07,0.0,0.0,-0.11,0.0,0.0,185.0,0.72,0.13,185.0,0.65,0.12,0.0,0.0
2025-11-14 14:48:53,2.0,0.11,0.0,0.0,-0.1,0.0,0.0,183.60000000000002,0.8,0.14,183.60000000000002,0.71,0.1,0.0,0.0
2025-11-14 14:48:56,2.0,0.07,0.0,0.0,-0.11,0.0,0.0,182.70000000000002,0.85,0.15,182.70000000000002,0.77,0.14,0.0,0.0
2025-11-14 14:48:58,2.0,0.11,0.0,0.0,-0.09,0.0,0.0,181.70000000000002,0.9,0.16,181.70000000000002,0.5,0.09,0.0,0.0
2025-11-14 14:49:00,2.0,0.07,0.0,0.0,-0.12,0.0,0.0,188.60000000000002,0.56,0.1,188.60000000000002,0.5,0.09,0.0,0.0
2025-11-14 14:49:02,2.0,0.07,0.0,0.0,-0.11,0.0,0.0,180.9,0.93,0.16,180.9,0.8200000000000001,0.14,0.0,0.0
2025-11-14 14:49:04,2.0,0.11,0.0,0.0,-0.12,0.0,0.0,188.70000000000002,0.58,0.1,188.70000000000002,0.5,0.09,0.0,0.0
2025-11-14 14:49:06,2.0,0.07,0.0,0.0,-0.14,0.0,0.0,188.5,0.5700000000000001,0.1,188.5,0.49,0.09,0.0,0.0
2025-11-14 14:49:08,2.0,0.07,0.0,0.0,-0.11,0.0,0.0,188.0,0.61,0.11,188.0,0.52,0.09,0.0,0.0
2025-11-14 14:49:12,2.0,0.07,0.0,0.0,-0.1,0.0,0.0,183.5,0.8,0.14,183.60000000000002,0.7000000000000001,0.12,0.0,0.0
2025-11-14 14:49:14,2.0,0.07,0.0,0.0,-0.12,0.0,0.0,184.5,0.76,0.13,184.5,0.67,0.12,0.0,0.0
2025-11-14 14:49:16,2.0,0.1,0.0,0.0,-0.05,0.0,0.0,184.10000000000002,0.78,0.14,184.10000000000002,0.6900000000000001,0.12,0.0,0.0
2025-11-14 14:49:18,2.0,0.07,0.0,0.0,-0.11,0.0,0.0,186.4,0.66,0.12,186.4,0.58,0.1,0.0,0.0
2025-11-14 14:49:20,2.0,0.07,0.0,0.0,-0.14,0.0,0.0,187.4,0.61,0.11,187.4,0.55,0.1,0.0,0.0
2025-11-14 14:49:22,2.0,0.09,0.0,0.0,-0.13,0.0,0.0,182.20000000000002,0.85,0.16,181.3,0.79,0.14,0.0,0.0
2025-11-14 14:49:23,2.0,0.07,0.0,0.0,-0.12,0.0,0.0,188.70000000000002,0.55,0.1,188.70000000000002,0.48,0.09,0.0,0.0
2025-11-14 14:49:26,2.0,0.09,0.0,0.0,-0.09,0.0,0.0,180.9,0.92,0.16,181.0,0.81,0.14,0.0,0.0
2025-11-14 14:49:28,2.0,0.11,0.0,0.0,-0.09,0.0,0.0,188.60000000000002,0.56,0.1,188.60000000000002,0.49,0.09,0.0,0.0
2025-11-14 14:49:30,2.0,0.08,0.0,0.0,-0.12,0.0,0.0,188.60000000000002,0.56,0.1,188.60000000000002,0.5,0.09,0.0,0.0
2025-11-14 14:49:32,2.0,0.07,0.0,0.0,-0.09,0.0,0.0,181.3,0.9,0.16,182.10000000000002,0.77,0.13,0.0,0.0
2025-11-14 14:49:34,2.0,0.12,0.0,0.0,-0.1,0.0,0.0,187.5,0.61,0.11,187.5,0.53,0.09,0.0,0.0
2025-11-14 14:49:35,2.0,0.08,0.0,0.0,-0.13,0.0,0.0,186.5,0.66,0.12,186.5,0.58,0.1,0.0,0.0
2025-11-14 14:49:37,2.0,0.07,0.0,0.0,-0.14,0.0,0.0,184.0,0.78,0.14,184.0,0.68,0.12,0.0,0.0
2025-11-14 14:49:39,2.0,0.08,0.0,0.0,-0.1,0.0,0.0,184.60000000000002,0.74,0.13,184.60000000000002,0.68,0.12,0.0,0.0
2025-11-14 14:49:42,2.0,0.08,0.0,0.0,-0.15,0.0,0.0,186.9,0.63,0.11,186.9,0.5700000000000001,0.1,0.0,0.0
2025-11-14 14:49:44,2.0,0.08,0.0,0.0,-0.1,0.0,0.0,182.70000000000002,0.84,0.15,182.70000000000002,0.76,0.13,0.0,0.0
2025-11-14 14:49:46,2.0,0.12,0.0,0.0,-0.1,0.0,0.0,181.70000000000002,0.88,0.15,188.5,0.51,0.09,0.0,0.0
2025-11-14 14:49:49,2.0,0.07,0.0,0.0,-0.11,0.0,0.0,180.9,0.91,0.16,180.9,0.8200000000000001,0.15,0.0,0.0
2025-11-14 14:49:52,2.0,0.09,0.0,0.0,-0.11,0.0,0.0,188.60000000000002,0.56,0.1,181.10000000000002,0.8200000000000001,0.14,0.0,0.0
2025-11-14 14:49:56,2.0,0.08,0.0,0.0,-0.11,0.0,0.0,188.0,0.59,0.11,188.0,0.51,0.09,0.0,0.0
2025-11-14 14:49:59,2.0,0.1,0.0,0.0,-0.11,0.0,0.0,187.0,0.64,0.11,187.0,0.72,0.13,0.0,0.0
2025-11-14 14:50:03,2.0,0.12,0.0,0.0,-0.1,0.0,0.0,185.10000000000002,0.73,0.13,185.10000000000002,0.65,0.11,0.0,0.0
2025-11-14 14:50:05,2.0,0.1,0.0,0.0,-0.11,0.0,0.0,186.4,0.67,0.12,186.4,0.59,0.1,0.0,0.0
2025-11-14 14:50:07,2.0,0.07,0.0,0.0,-0.1,0.0,0.0,182.20000000000002,0.86,0.15,182.20000000000002,0.78,0.14,0.0,0.0
2025-11-14 14:50:11,2.0,0.1,0.0,0.0,-0.11,0.0,0.0,188.70000000000002,0.56,0.1,188.60000000000002,0.49,0.09,0.0,0.0
2025-11-14 14:50:13,2.0,0.07,0.0,0.0,-0.12,0.0,0.0,180.9,0.91,0.16,181.0,0.8300000000000001,0.15,0.0,0.0
2025-11-14 14:50:18,2.0,0.07,0.0,0.0,-0.14,0.0,0.0,181.3,0.91,0.16,181.3,0.81,0.14,0.0,0.0
2025-11-14 14:50:21,2.0,0.12,0.0,0.0,-0.1,0.0,0.0,188.3,0.59,0.11,187.5,0.55,0.1,0.0,0.0
2025-11-14 14:50:24,2.0,0.07,0.0,0.0,-0.14,0.0,0.0,184.0,0.79,0.14,184.0,0.68,0.12,0.0,0.0
2025-11-14 14:50:26,2.0,0.11,0.0,0.0,-0.09,0.0,0.0,185.5,0.73,0.13,184.60000000000002,0.67,0.12,0.0,0.0
2025-11-14 14:50:30,2.0,0.07,0.0,0.0,-0.12,0.0,0.0,182.70000000000002,0.85,0.15,182.70000000000002,0.75,0.13,0.0,0.0
2025-11-14 14:50:34,2.0,0.11,0.0,0.0,-0.12,0.0,0.0,187.8,0.6,0.11,187.9,0.52,0.09,0.0,0.0
2025-11-14 14:50:36,2.0,0.07,0.0,0.0,-0.12,0.0,0.0,181.0,0.92,0.16,181.0,0.8200000000000001,0.14,0.0,0.0
2025-11-14 14:50:38,2.0,0.11,0.0,0.0,-0.14,0.0,0.0,180.9,0.93,0.16,180.9,0.8300000000000001,0.09,0.0,0.0
2025-11-14 14:50:41,2.0,0.07,0.0,0.0,-0.13,0.0,0.0,181.10000000000002,0.93,0.16,181.10000000000002,0.8200000000000001,0.14,0.0,0.0
2025-11-14 14:50:44,2.0,0.1,0.0,0.0,-0.1,0.0,0.0,181.60000000000002,0.89,0.11,188.0,0.53,0.09,0.0,0.0
2025-11-14 14:50:46,2.0,0.07,0.0,0.0,-0.14,0.0,0.0,187.10000000000002,0.65,0.12,187.0,0.5700000000000001,0.1,0.0,0.0
2025-11-14 14:50:48,2.0,0.07,0.0,0.0,-0.13,0.0,0.0,183.5,0.81,0.14,183.60000000000002,0.62,0.11,0.0,0.0
2025-11-14 14:50:50,2.0,0.12,0.0,0.0,-0.1,0.0,0.0,185.5,0.72,0.13,185.5,0.64,0.11,0.0,0.0
2025-11-14 14:50:54,2.0,0.07,0.0,0.0,-0.13,0.0,0.0,186.4,0.67,0.12,186.4,0.6,0.11,0.0,0.0
2025-11-14 14:50:56,2.0,0.1,0.0,0.0,-0.1,0.0,0.0,182.20000000000002,0.88,0.16,182.20000000000002,0.78,0.14,0.0,0.0
2025-11-14 14:50:58,2.0,0.07,0.0,0.0,-0.14,0.0,0.0,181.3,0.91,0.16,181.3,0.81,0.14,0.0,0.0
2025-11-14 14:51:01,2.0,0.1,0.0,0.0,-0.12,0.0,0.0,180.9,0.93,0.16,180.9,0.8300000000000001,0.09,0.0,0.0
2025-11-14 14:51:03,2.0,0.07,0.0,0.0,-0.13,0.0,0.0,188.60000000000002,0.5700000000000001,0.1,188.60000000000002,0.51,0.09,0.0,0.0
2025-11-14 14:51:05,2.0,0.08,0.0,0.0,-0.13,0.0,0.0,181.0,0.92,0.16,181.0,0.8200000000000001,0.14,0.0,0.0
2025-11-14 14:51:08,2.0,0.12,0.0,0.0,-0.1,0.0,0.0,188.3,0.59,0.1,188.3,0.51,0.09,0.0,0.0
2025-11-14 14:51:10,2.0,0.08,0.0,0.0,-0.13,0.0,0.0,187.5,0.62,0.11,183.10000000000002,0.72,0.13,0.0,0.0
